time,wc300_plain,vmax_plain,spread300_plain,dt_prev_h_plain,fit_atms_K_plain,wc300_persist,vmax_persist,spread300_persist,dt_prev_h_persist,fit_atms_K_persist
2026-09-21 00:00:00,1.3783416748046875,35.0,0.0753214955329895,-1.0,,1.4333953857421875,35.0,0.07148577272891998,-1.0,
2026-09-21 02:00:00,0.7191314697265625,36.666666666666664,0.07303224503993988,-1.0,,1.0976104736328125,36.666666666666664,0.058781348168849945,2.0,
2026-09-21 06:00:00,1.9364471435546875,40.0,0.07073424756526947,-1.0,,1.4486541748046875,40.0,0.052752815186977386,4.0,
2026-09-21 08:00:00,2.5389251708984375,45.0,0.07289934903383255,-1.0,11.960821151733398,1.860382080078125,45.0,0.04963867366313934,2.0,13.96591854095459
2026-09-21 12:00:00,2.6916046142578125,55.0,0.0726078674197197,-1.0,,2.229705810546875,55.0,0.05211115628480911,4.0,
2026-09-21 14:00:00,3.140655517578125,60.0,0.06934408843517303,-1.0,,2.5654296875,60.0,0.05233503133058548,2.0,
2026-09-21 18:00:00,2.591217041015625,70.0,0.07119089365005493,-1.0,,2.544281005859375,70.0,0.05258616432547569,4.0,
2026-09-21 20:00:00,4.121673583984375,76.66666666666667,0.07363435626029968,-1.0,12.419661521911621,3.1644439697265625,76.66666666666667,0.050943393260240555,2.0,14.260747909545898
2026-09-22 00:00:00,2.9315948486328125,90.0,0.06858652830123901,-1.0,,3.077423095703125,90.0,0.05367647483944893,4.0,
2026-09-22 02:00:00,2.3852691650390625,100.0,0.0732835978269577,-1.0,,2.83233642578125,100.0,0.05154583603143692,2.0,
2026-09-22 06:00:00,3.29400634765625,120.0,0.0712573230266571,-1.0,,3.0219879150390625,120.0,0.051048509776592255,4.0,
2026-09-22 08:00:00,3.8394775390625,126.66666666666667,0.06867857277393341,-1.0,16.30051040649414,3.3466033935546875,126.66666666666667,0.05312685668468475,2.0,18.841352462768555
2026-09-22 14:00:00,4.5867462158203125,145.0,0.06845018267631531,-1.0,,3.9766693115234375,145.0,0.055673953145742416,6.0,
2026-09-22 18:00:00,4.4503631591796875,155.0,0.06984706223011017,-1.0,,4.132171630859375,155.0,0.051960889250040054,4.0,
2026-09-22 20:00:00,5.158416748046875,151.66666666666666,0.07108500599861145,-1.0,13.85295581817627,4.5303802490234375,151.66666666666666,0.050297170877456665,2.0,15.446891784667969
2026-09-23 00:00:00,5.3235321044921875,145.0,0.07229447364807129,-1.0,,4.8735198974609375,145.0,0.05211567133665085,4.0,
2026-09-23 02:00:00,4.72235107421875,143.33333333333334,0.0716690942645073,-1.0,,4.7855987548828125,143.33333333333334,0.04934731125831604,2.0,
2026-09-23 06:00:00,3.6045684814453125,140.0,0.07180415093898773,-1.0,,4.2032012939453125,140.0,0.05287214741110802,4.0,
2026-09-23 08:00:00,3.3720855712890625,136.66666666666666,0.07600314915180206,-1.0,13.995553016662598,3.8455657958984375,136.66666666666666,0.052776046097278595,2.0,15.444133758544922
2026-09-23 12:00:00,1.3384246826171875,130.0,0.07503394037485123,-1.0,,2.7818603515625,130.0,0.05496225878596306,4.0,
2026-09-23 14:00:00,1.173553466796875,128.33333333333334,0.0738154798746109,-1.0,,2.176513671875,128.33333333333334,0.05171371251344681,2.0,
2026-09-23 18:00:00,2.0469207763671875,125.0,0.07462911307811737,-1.0,18.455244064331055,2.1418609619140625,125.0,0.05587504431605339,4.0,19.033485412597656
2026-09-23 20:00:00,4.269256591796875,130.0,0.07071340084075928,-1.0,15.180195808410645,2.969268798828125,130.0,0.0528726726770401,2.0,16.441011428833008
2026-09-24 00:00:00,5.6413726806640625,140.0,0.07201672345399857,-1.0,,4.152557373046875,140.0,0.051818784326314926,4.0,
2026-09-24 02:00:00,4.8072052001953125,140.0,0.06821422278881073,-1.0,,4.0020599365234375,140.0,0.05342326685786247,2.0,
2026-09-24 06:00:00,5.7252960205078125,140.0,0.07028123736381531,-1.0,,4.618682861328125,140.0,0.05351654067635536,4.0,
2026-09-24 08:00:00,5.3244781494140625,138.33333333333334,0.07538498193025589,-1.0,18.753677368164062,4.8072662353515625,138.33333333333334,0.05163298919796944,2.0,20.707448959350586
2026-09-24 12:00:00,4.2430877685546875,135.0,0.07046173512935638,-1.0,,4.452301025390625,135.0,0.05151134356856346,4.0,
2026-09-24 14:00:00,3.9662322998046875,133.33333333333334,0.06886343657970428,-1.0,,4.2353057861328125,133.33333333333334,0.046853967010974884,2.0,
2026-09-24 18:00:00,2.70654296875,130.0,0.06779635697603226,-1.0,,3.596038818359375,130.0,0.04979116842150688,4.0,
2026-09-24 20:00:00,3.387359619140625,130.0,0.06789638102054596,-1.0,,3.5240478515625,130.0,0.05565042421221733,2.0,
