run,time,atms,core_rmse_300_K,core_rmse_300_unet_K,core_rmse_all_K,domain_rmse_all_K,domain_rmse_all_unet_K,wc300_K,wc300_unet_K,wc300_era5_K,spread_core_300_K,rain_rmse_imerg_mmh,core_rain_mmh,imerg_core_rain_mmh
persist,2026-09-21 00:00:00,False,0.5690062642097473,0.623323380947113,0.5119379162788391,1.2144256830215454,1.2280333042144775,1.433380126953125,1.472076416015625,0.703216552734375,0.0900285467505455,3.1121039390563965,4.176088333129883,1.9113398790359497
persist,2026-09-21 02:00:00,False,0.9319393634796143,1.6716431379318237,0.5259488224983215,1.1170580387115479,1.1008774042129517,1.09759521484375,0.6175384521484375,0.9932403564453125,0.07984127104282379,3.053443193435669,4.867318630218506,9.20425033569336
persist,2026-09-21 06:00:00,False,2.2291460037231445,2.314319133758545,1.3225888013839722,1.0599290132522583,1.1762701272964478,1.44866943359375,2.2126922607421875,2.9440460205078125,0.06643563508987427,2.7096431255340576,6.213291168212891,7.572810173034668
persist,2026-09-21 08:00:00,True,1.8652266263961792,1.1084845066070557,1.1100636720657349,0.9282437562942505,0.8778015971183777,1.860382080078125,2.4837188720703125,2.9539947509765625,0.060341279953718185,3.4564952850341797,13.608963012695312,8.01880931854248
persist,2026-09-21 12:00:00,False,0.6645169258117676,0.3314245939254761,0.6289339065551758,0.9538983702659607,0.9012948274612427,2.229705810546875,2.58837890625,2.038238525390625,0.07307928800582886,3.4935295581817627,12.122727394104004,11.517488479614258
persist,2026-09-21 14:00:00,False,0.15032878518104553,0.3979892134666443,0.6137836575508118,0.9261714816093445,0.8764785528182983,2.5654144287109375,3.143218994140625,1.9795684814453125,0.06630903482437134,3.825052261352539,12.009073257446289,11.502578735351562
persist,2026-09-21 18:00:00,False,0.4567418098449707,0.58935546875,0.5214511156082153,1.14329993724823,1.1366935968399048,2.54425048828125,2.4725494384765625,1.8309783935546875,0.06916672736406326,3.2357139587402344,11.300979614257812,13.140887260437012
persist,2026-09-21 20:00:00,True,0.4994408190250397,1.3596086502075195,0.5214930176734924,1.2597795724868774,1.2693440914154053,3.1644439697265625,3.98785400390625,1.79229736328125,0.05236119404435158,5.061729431152344,19.252582550048828,7.57074499130249
persist,2026-09-22 00:00:00,False,0.36544010043144226,0.18305747210979462,0.5689666867256165,1.2196297645568848,1.1912214756011963,3.0774078369140625,3.137176513671875,1.718292236328125,0.05760772153735161,3.9445128440856934,15.301506042480469,18.169368743896484
persist,2026-09-22 02:00:00,False,0.14812567830085754,0.4787326753139496,0.7379135489463806,1.2114328145980835,1.2351235151290894,2.83233642578125,2.486114501953125,1.80059814453125,0.0498226173222065,4.413722038269043,13.118400573730469,16.474475860595703
persist,2026-09-22 06:00:00,False,0.35268619656562805,0.3688952326774597,1.1451196670532227,0.9903671145439148,1.047180414199829,3.0219879150390625,3.17132568359375,2.264556884765625,0.04991500452160835,4.111043930053711,12.104059219360352,13.916757583618164
persist,2026-09-22 08:00:00,True,0.8666475415229797,0.3383067846298218,1.439832091331482,1.0556522607803345,1.1181621551513672,3.3466339111328125,3.833587646484375,3.150634765625,0.05644045025110245,5.236111640930176,20.266477584838867,16.463510513305664
persist,2026-09-22 14:00:00,False,0.28946954011917114,0.9232553839683533,1.173126220703125,1.377157211303711,1.2347440719604492,3.976654052734375,4.5216827392578125,2.5879364013671875,0.06611262261867523,4.928493499755859,18.7650146484375,13.389451026916504
persist,2026-09-22 18:00:00,False,0.5117385387420654,0.6539863348007202,1.1915568113327026,1.3339924812316895,1.310895323753357,4.1322174072265625,4.2942047119140625,3.1672821044921875,0.05829177051782608,4.402839660644531,16.212684631347656,14.01928424835205
persist,2026-09-22 20:00:00,True,0.6989173293113708,0.7098865509033203,1.2497162818908691,1.3489959239959717,1.4636049270629883,4.530364990234375,4.9207916259765625,3.806488037109375,0.061231281608343124,5.735612392425537,24.904626846313477,22.022865295410156
persist,2026-09-23 00:00:00,False,0.5101064443588257,0.8282493352890015,1.0279064178466797,1.3029050827026367,1.2996070384979248,4.8734893798828125,5.310302734375,3.362213134765625,0.07127547264099121,4.391597270965576,20.159778594970703,23.03063201904297
persist,2026-09-23 02:00:00,False,0.22300833463668823,0.23980779945850372,1.2456403970718384,1.2597424983978271,1.1989985704421997,4.7856292724609375,4.697479248046875,3.480865478515625,0.06297487765550613,4.213685035705566,16.72148895263672,16.337135314941406
persist,2026-09-23 06:00:00,False,1.302803635597229,2.112645387649536,1.3786486387252808,1.2974528074264526,1.3933371305465698,4.2032470703125,3.6772613525390625,3.7642059326171875,0.06261367350816727,4.47016716003418,13.011991500854492,10.660916328430176
persist,2026-09-23 08:00:00,True,1.7372621297836304,1.9815213680267334,1.7495423555374146,1.3978629112243652,1.353211522102356,3.8455963134765625,3.102203369140625,3.6666717529296875,0.06683509796857834,5.44813346862793,14.100442886352539,12.764226913452148
persist,2026-09-23 12:00:00,False,1.6825122833251953,2.996720314025879,1.9004639387130737,1.5131487846374512,1.6234955787658691,2.7818450927734375,1.1551513671875,3.010040283203125,0.07522806525230408,6.988621234893799,9.21097183227539,1.9119012355804443
persist,2026-09-23 14:00:00,False,2.3658652305603027,3.1022303104400635,2.078238010406494,1.4924302101135254,1.554081916809082,2.176544189453125,1.275634765625,2.944305419921875,0.060491688549518585,5.353046894073486,7.424289703369141,3.2775139808654785
persist,2026-09-23 18:00:00,True,1.5860819816589355,1.436705470085144,1.6063421964645386,1.5889054536819458,1.527370572090149,2.1418609619140625,2.25640869140625,2.1299896240234375,0.06890733540058136,4.607797145843506,6.415300369262695,10.22830581665039
persist,2026-09-23 20:00:00,True,1.1473392248153687,0.6042371392250061,1.243159532546997,1.7225556373596191,1.769394874572754,2.9692535400390625,4.2624359130859375,2.4579315185546875,0.07405738532543182,4.613509178161621,8.56411361694336,11.308358192443848
persist,2026-09-24 00:00:00,False,0.6024163365364075,0.940024733543396,1.0713034868240356,1.704062819480896,1.6391037702560425,4.1525115966796875,5.569793701171875,2.5274200439453125,0.07186931371688843,4.968952655792236,11.493473052978516,11.259406089782715
persist,2026-09-24 02:00:00,False,1.4559491872787476,2.1538193225860596,1.460560917854309,1.8200173377990723,2.130251169204712,4.002044677734375,3.8632965087890625,3.0950164794921875,0.06788865476846695,4.120060920715332,10.375778198242188,11.664876937866211
persist,2026-09-24 06:00:00,False,2.325449228286743,1.9617019891738892,1.716469645500183,1.754753589630127,1.855470061302185,4.6187286376953125,5.3149566650390625,4.438995361328125,0.08387800306081772,3.655914306640625,12.673908233642578,15.504515647888184
persist,2026-09-24 08:00:00,True,2.3643546104431152,1.8756824731826782,1.8175597190856934,1.773691177368164,1.77372407913208,4.807281494140625,5.310272216796875,4.842010498046875,0.08055919408798218,5.321585178375244,20.11566162109375,19.014223098754883
persist,2026-09-24 12:00:00,False,3.0939574241638184,3.373854875564575,2.733816385269165,2.0398752689361572,1.9527487754821777,4.4522857666015625,3.9075775146484375,5.327423095703125,0.07587248831987381,7.268929958343506,15.243631362915039,23.24626922607422
persist,2026-09-24 14:00:00,False,2.607365846633911,2.7978100776672363,2.1278741359710693,1.7449760437011719,1.6816245317459106,4.2353515625,3.875701904296875,5.053466796875,0.060154955834150314,7.805258274078369,13.815899848937988,19.691967010498047
persist,2026-09-24 18:00:00,False,2.7312755584716797,3.4137203693389893,1.9816105365753174,1.7396918535232544,1.7623802423477173,3.5960235595703125,2.64111328125,4.2491912841796875,0.0641496330499649,8.461731910705566,11.50566291809082,16.352022171020508
persist,2026-09-24 20:00:00,True,2.4615397453308105,2.5729408264160156,1.8001643419265747,1.7878221273422241,1.7828272581100464,3.524078369140625,3.38848876953125,4.2282257080078125,0.07875796407461166,5.430991172790527,10.901060104370117,14.687928199768066
persist2,2026-09-21 00:00:00,False,0.5755732655525208,0.6233232617378235,0.5087032318115234,1.2163429260253906,1.228033423423767,1.38763427734375,1.472076416015625,0.703216552734375,0.05403934419155121,3.1018197536468506,4.244406700134277,1.9113398790359497
persist2,2026-09-21 02:00:00,False,1.1258478164672852,1.6716431379318237,0.5809673070907593,1.103681206703186,1.1008774042129517,0.9540252685546875,0.6175384521484375,0.9932403564453125,0.10234598815441132,2.907582998275757,5.385971546173096,9.20425033569336
persist2,2026-09-21 06:00:00,False,2.296327590942383,2.314319372177124,1.3517675399780273,1.0820069313049316,1.1762701272964478,1.5620269775390625,2.2126922607421875,2.9440460205078125,0.0718611404299736,2.5514748096466064,7.009419918060303,7.572810173034668
persist2,2026-09-21 08:00:00,True,1.3398768901824951,1.1084843873977661,1.0191367864608765,0.8686463236808777,0.8778015971183777,2.28094482421875,2.4837188720703125,2.9539947509765625,0.059198878705501556,7.026423931121826,28.37586784362793,8.01880931854248
persist2,2026-09-21 12:00:00,False,0.33240482211112976,0.33142518997192383,0.6958865523338318,0.9208018183708191,0.9012948870658875,2.53839111328125,2.58837890625,2.038238525390625,0.07960820943117142,4.341594219207764,18.33778190612793,11.517488479614258
persist2,2026-09-21 14:00:00,False,0.26226475834846497,0.3979891240596771,0.6479083299636841,0.8935167193412781,0.8764784932136536,2.8794403076171875,3.143218994140625,1.9795684814453125,0.07482625544071198,3.872645854949951,14.44819450378418,11.502578735351562
persist2,2026-09-21 18:00:00,False,0.3944333493709564,0.5893552899360657,0.4973895251750946,1.1234188079833984,1.1366937160491943,2.6833343505859375,2.4725494384765625,1.8309783935546875,0.075579434633255,3.3375461101531982,12.103635787963867,13.140887260437012
persist2,2026-09-21 20:00:00,True,1.0092265605926514,1.3596081733703613,0.7593518495559692,1.2398167848587036,1.2693440914154053,3.7522735595703125,3.98785400390625,1.79229736328125,0.08427697420120239,7.896533966064453,32.18464660644531,7.57074499130249
persist2,2026-09-22 00:00:00,False,0.7638469338417053,0.18305788934230804,0.6436534523963928,1.2165913581848145,1.1912214756011963,3.39801025390625,3.137176513671875,1.718292236328125,0.06616783142089844,4.938594818115234,20.506027221679688,18.169368743896484
persist2,2026-09-22 02:00:00,False,0.09000185132026672,0.47873321175575256,0.7186713218688965,1.2057207822799683,1.2351235151290894,2.8426666259765625,2.486114501953125,1.80059814453125,0.097443126142025,4.710148811340332,13.943582534790039,16.474475860595703
persist2,2026-09-22 06:00:00,False,0.2757229208946228,0.3688952326774597,1.1602966785430908,1.0040245056152344,1.047180414199829,3.1007232666015625,3.17132568359375,2.264556884765625,0.08181159943342209,4.20598840713501,12.099645614624023,13.916757583618164
persist2,2026-09-22 08:00:00,True,0.4291691482067108,0.33830758929252625,1.4315365552902222,1.089713454246521,1.1181621551513672,3.7422027587890625,3.833587646484375,3.150634765625,0.09630254656076431,9.023633003234863,32.54821014404297,16.463510513305664
persist2,2026-09-22 14:00:00,False,0.4671361744403839,0.923255443572998,1.2493849992752075,1.3976203203201294,1.2347441911697388,4.2093963623046875,4.5216827392578125,2.5879364013671875,0.060423895716667175,6.427043437957764,23.857460021972656,13.389451026916504
persist2,2026-09-22 18:00:00,False,0.4960273206233978,0.6539860963821411,1.164960265159607,1.326486349105835,1.310895323753357,4.3097076416015625,4.2942047119140625,3.1672821044921875,0.07537221908569336,4.632698059082031,17.109722137451172,14.01928424835205
persist2,2026-09-22 20:00:00,True,0.5130812525749207,0.7098872065544128,1.2169146537780762,1.4171006679534912,1.4636050462722778,4.9373779296875,4.9207916259765625,3.806488037109375,0.0896548181772232,7.742465019226074,37.032081604003906,22.022865295410156
persist2,2026-09-23 00:00:00,False,0.7018391489982605,0.8282499313354492,1.034967303276062,1.365408182144165,1.2996070384979248,5.0775604248046875,5.310302734375,3.362213134765625,0.06079544872045517,4.8873209953308105,25.300315856933594,23.03063201904297
persist2,2026-09-23 02:00:00,False,0.23994970321655273,0.23980732262134552,1.2323472499847412,1.2569854259490967,1.1989985704421997,4.8270111083984375,4.697479248046875,3.480865478515625,0.07322180271148682,4.233663558959961,16.819637298583984,16.337135314941406
persist2,2026-09-23 06:00:00,False,1.5310832262039185,2.1126456260681152,1.4577584266662598,1.3226778507232666,1.3933371305465698,4.0387725830078125,3.6772613525390625,3.7642059326171875,0.07357098162174225,4.330111503601074,12.029890060424805,10.660916328430176
persist2,2026-09-23 08:00:00,True,1.8887146711349487,1.9815218448638916,1.8579139709472656,1.3566842079162598,1.3532116413116455,3.4079437255859375,3.102203369140625,3.6666717529296875,0.0662699043750763,8.000127792358398,15.02098274230957,12.764226913452148
persist2,2026-09-23 12:00:00,False,1.748636245727539,2.9967200756073,1.9753435850143433,1.4936730861663818,1.6234954595565796,2.5601043701171875,1.1551513671875,3.010040283203125,0.07990123331546783,7.652543544769287,9.45202922821045,1.9119012355804443
persist2,2026-09-23 14:00:00,False,2.653404712677002,3.1022300720214844,2.2538907527923584,1.4983114004135132,1.5540820360183716,1.7223052978515625,1.275634765625,2.944305419921875,0.07147771120071411,5.440478324890137,6.769435882568359,3.2775139808654785
persist2,2026-09-23 18:00:00,True,1.546233057975769,1.4367057085037231,1.464835524559021,1.5409221649169922,1.527370572090149,1.9333953857421875,2.25640869140625,2.1299896240234375,0.07727029919624329,5.240736484527588,5.553407669067383,10.22830581665039
persist2,2026-09-23 20:00:00,True,0.8498324155807495,0.604236900806427,0.987817645072937,1.7181456089019775,1.769394874572754,3.25048828125,4.2624359130859375,2.4579315185546875,0.07654567062854767,4.955132007598877,9.280436515808105,11.308358192443848
persist2,2026-09-24 00:00:00,False,0.47921299934387207,0.9400243759155273,0.9612593650817871,1.6969789266586304,1.639103651046753,4.2758636474609375,5.569793701171875,2.5274200439453125,0.058580074459314346,5.1030659675598145,12.000174522399902,11.259406089782715
persist2,2026-09-24 02:00:00,False,1.597817063331604,2.1538188457489014,1.5496289730072021,1.9131097793579102,2.130251169204712,4.02911376953125,3.8632965087890625,3.0950164794921875,0.06255467236042023,3.9645071029663086,9.962697982788086,11.664876937866211
persist2,2026-09-24 06:00:00,False,2.2720184326171875,1.9617023468017578,1.72386634349823,1.82233726978302,1.855470061302185,4.9277191162109375,5.3149566650390625,4.438995361328125,0.07477904856204987,3.5687386989593506,13.32917594909668,15.504515647888184
persist2,2026-09-24 08:00:00,True,2.046250820159912,1.8756815195083618,1.855039358139038,1.7797043323516846,1.77372407913208,5.0821685791015625,5.310272216796875,4.842010498046875,0.07678866386413574,8.753827095031738,31.381637573242188,19.014223098754883
persist2,2026-09-24 12:00:00,False,2.9349520206451416,3.3738555908203125,2.7315642833709717,2.0350699424743652,1.9527487754821777,4.5841522216796875,3.9075775146484375,5.327423095703125,0.05979900807142258,7.754287242889404,19.440628051757812,23.24626922607422
persist2,2026-09-24 14:00:00,False,2.6023340225219727,2.7978100776672363,2.1271462440490723,1.7194405794143677,1.681624412536621,4.1988677978515625,3.875701904296875,5.053466796875,0.08697065711021423,7.67962646484375,14.566566467285156,19.691967010498047
persist2,2026-09-24 18:00:00,False,2.922337532043457,3.4137210845947266,2.097766160964966,1.7362983226776123,1.7623801231384277,3.3279266357421875,2.64111328125,4.2491912841796875,0.0737299844622612,8.173409461975098,10.891063690185547,16.352022171020508
persist2,2026-09-24 20:00:00,True,2.541233777999878,2.5729410648345947,1.8536442518234253,1.7831919193267822,1.7828272581100464,3.4081573486328125,3.38848876953125,4.2282257080078125,0.05971347540616989,5.4290690422058105,10.571842193603516,14.687928199768066
plain,2026-09-21 00:00:00,False,0.5988245010375977,0.623323380947113,0.5141075253486633,1.2160141468048096,1.2280333042144775,1.3783416748046875,1.472076416015625,0.703216552734375,0.07363759726285934,3.1166000366210938,4.202380657196045,1.9113398790359497
plain,2026-09-21 02:00:00,False,1.5193711519241333,1.6716431379318237,0.7711648344993591,1.091728925704956,1.1008774042129517,0.7191314697265625,0.6175384521484375,0.9932403564453125,0.13628366589546204,2.730041980743408,6.5292134284973145,9.20425033569336
plain,2026-09-21 06:00:00,False,2.3223583698272705,2.314319133758545,1.3661824464797974,1.1693546772003174,1.1762701272964478,1.9364776611328125,2.2126922607421875,2.9440460205078125,0.0853765457868576,2.5375406742095947,8.343122482299805,7.572810173034668
plain,2026-09-21 08:00:00,True,1.0491547584533691,1.1084845066070557,1.02903151512146,0.8650135397911072,0.8778015971183777,2.5389251708984375,2.4837188720703125,2.9539947509765625,0.08248975872993469,10.435101509094238,41.518714904785156,8.01880931854248
plain,2026-09-21 12:00:00,False,0.30573156476020813,0.3314245939254761,0.4664166569709778,0.892227053642273,0.9012948274612427,2.6916046142578125,2.58837890625,2.038238525390625,0.08274239301681519,3.532412052154541,10.42306900024414,11.517488479614258
plain,2026-09-21 14:00:00,False,0.4134974181652069,0.3979892134666443,0.6583767533302307,0.868766188621521,0.8764785528182983,3.140625,3.143218994140625,1.9795684814453125,0.08557873964309692,3.651914119720459,12.192453384399414,11.502578735351562
plain,2026-09-21 18:00:00,False,0.4520992636680603,0.58935546875,0.5204554200172424,1.1279077529907227,1.1366935968399048,2.5912322998046875,2.4725494384765625,1.8309783935546875,0.10562639683485031,3.4210364818573,10.812381744384766,13.140887260437012
plain,2026-09-21 20:00:00,True,1.4136242866516113,1.3596086502075195,0.9464064836502075,1.2589292526245117,1.2693440914154053,4.1216888427734375,3.98785400390625,1.79229736328125,0.07517509162425995,10.103492736816406,42.115909576416016,7.57074499130249
plain,2026-09-22 00:00:00,False,0.1704643964767456,0.18305747210979462,0.5154815912246704,1.1850385665893555,1.1912214756011963,2.93157958984375,3.137176513671875,1.718292236328125,0.0919913649559021,4.047853946685791,11.443084716796875,18.169368743896484
plain,2026-09-22 02:00:00,False,0.5160128474235535,0.4787326753139496,0.7979656457901001,1.2294650077819824,1.2351235151290894,2.3852691650390625,2.486114501953125,1.80059814453125,0.10446775704622269,4.432493209838867,10.52370834350586,16.474475860595703
plain,2026-09-22 06:00:00,False,0.2456914782524109,0.3688952326774597,1.252643346786499,1.0454061031341553,1.047180414199829,3.29400634765625,3.17132568359375,2.264556884765625,0.11633384972810745,4.183139801025391,11.061592102050781,13.916757583618164
plain,2026-09-22 08:00:00,True,0.3139001131057739,0.3383067846298218,1.4683293104171753,1.1122456789016724,1.1181621551513672,3.8394775390625,3.833587646484375,3.150634765625,0.07345187664031982,12.302977561950684,42.821475982666016,16.463510513305664
plain,2026-09-22 14:00:00,False,0.8423316478729248,0.9232553839683533,1.1663212776184082,1.2312021255493164,1.2347440719604492,4.5867767333984375,4.5216827392578125,2.5879364013671875,0.0831027701497078,4.5895538330078125,17.416046142578125,13.389451026916504
plain,2026-09-22 18:00:00,False,0.5538698434829712,0.6539863348007202,1.1260454654693604,1.3074594736099243,1.310895323753357,4.45037841796875,4.2942047119140625,3.1672821044921875,0.11390191316604614,4.086610317230225,13.49239730834961,14.01928424835205
plain,2026-09-22 20:00:00,True,0.522594153881073,0.7098865509033203,1.2280563116073608,1.457810640335083,1.4636049270629883,5.158447265625,4.9207916259765625,3.806488037109375,0.10159848630428314,9.463479995727539,46.404788970947266,22.022865295410156
plain,2026-09-23 00:00:00,False,0.780709445476532,0.8282493352890015,1.0451903343200684,1.2956173419952393,1.2996070384979248,5.323516845703125,5.310302734375,3.362213134765625,0.09321187436580658,4.074297904968262,15.699590682983398,23.03063201904297
plain,2026-09-23 02:00:00,False,0.21425597369670868,0.23980779945850372,1.2287242412567139,1.1931570768356323,1.1989985704421997,4.7223663330078125,4.697479248046875,3.480865478515625,0.10366348922252655,3.9933321475982666,12.461959838867188,16.337135314941406
plain,2026-09-23 06:00:00,False,2.0552175045013428,2.112645387649536,1.672961711883545,1.3877620697021484,1.3933371305465698,3.60455322265625,3.6772613525390625,3.7642059326171875,0.07639956474304199,4.063636302947998,9.633126258850098,10.660916328430176
plain,2026-09-23 08:00:00,True,1.8227134943008423,1.9815213680267334,1.887170433998108,1.3444238901138306,1.353211522102356,3.3720703125,3.102203369140625,3.6666717529296875,0.0774175226688385,10.293807983398438,15.844334602355957,12.764226913452148
plain,2026-09-23 12:00:00,False,2.8996946811676025,2.996720314025879,2.5259459018707275,1.6171083450317383,1.6234955787658691,1.33843994140625,1.1551513671875,3.010040283203125,0.09358195960521698,5.941129207611084,5.1453375816345215,1.9119012355804443
plain,2026-09-23 14:00:00,False,3.0910582542419434,3.1022303104400635,2.4630491733551025,1.54865562915802,1.554081916809082,1.173583984375,1.275634765625,2.944305419921875,0.07999615371227264,5.173221588134766,5.359414100646973,3.2775139808654785
plain,2026-09-23 18:00:00,True,1.387269139289856,1.436705470085144,1.339604377746582,1.5186785459518433,1.527370572090149,2.0469207763671875,2.25640869140625,2.1299896240234375,0.09544599056243896,5.7958245277404785,5.257072448730469,10.22830581665039
plain,2026-09-23 20:00:00,True,0.5908399820327759,0.6042371392250061,0.7663409113883972,1.7610220909118652,1.769394874572754,4.269317626953125,4.2624359130859375,2.4579315185546875,0.07589671015739441,6.117368221282959,13.817481994628906,11.308358192443848
plain,2026-09-24 00:00:00,False,0.8415600061416626,0.940024733543396,0.8269768357276917,1.635798454284668,1.6391037702560425,5.6414031982421875,5.569793701171875,2.5274200439453125,0.11319416761398315,4.801179885864258,16.710683822631836,11.259406089782715
plain,2026-09-24 02:00:00,False,0.7402002215385437,0.6828410625457764,1.112532377243042,1.7164424657821655,1.7195847034454346,4.807220458984375,5.06634521484375,3.0950164794921875,0.10127485543489456,4.135870933532715,12.183099746704102,11.664876937866211
plain,2026-09-24 06:00:00,False,1.1061431169509888,0.9734703302383423,1.0642118453979492,1.4946198463439941,1.4967914819717407,5.7252960205078125,5.62646484375,4.438995361328125,0.09324294328689575,3.7127184867858887,16.26020050048828,15.504515647888184
plain,2026-09-24 08:00:00,True,1.5304527282714844,1.5077407360076904,1.6689817905426025,1.7262569665908813,1.730162501335144,5.3244781494140625,5.4663238525390625,4.842010498046875,0.0961264967918396,11.72484016418457,42.351531982421875,19.014223098754883
plain,2026-09-24 12:00:00,False,2.96914005279541,3.005732536315918,2.508754014968872,1.832332968711853,1.83334481716156,4.2430877685546875,4.0648956298828125,5.327423095703125,0.07441508769989014,6.8377366065979,10.767487525939941,23.24626922607422
plain,2026-09-24 14:00:00,False,2.512760639190674,2.543625593185425,2.008206367492676,1.5714033842086792,1.570826768875122,3.9662322998046875,3.8694000244140625,5.053466796875,0.09889335930347443,7.527080535888672,12.386707305908203,19.691967010498047
plain,2026-09-24 18:00:00,False,3.228365421295166,3.3338747024536133,2.2794103622436523,1.6774721145629883,1.6810086965560913,2.70654296875,2.4924774169921875,4.2491912841796875,0.07874682545661926,7.649142742156982,8.74640941619873,16.352022171020508
plain,2026-09-24 20:00:00,True,2.1489248275756836,2.2384207248687744,1.8455761671066284,1.8502569198608398,1.8542038202285767,3.3873443603515625,3.3001556396484375,4.2282257080078125,0.08116711676120758,8.83627700805664,18.79595184326172,14.687928199768066
